{
  "train_loss": [
    0.17113593396018534
  ],
  "train_f1": [
    0.4576932060169222
  ],
  "train_precision": [
    0.5216882761366747
  ],
  "train_recall": [
    0.5096922213064888
  ],
  "val_loss": [
    0.16935916244983673
  ],
  "val_f1": [
    0.5482333881304648
  ],
  "val_precision": [
    0.54815183091184
  ],
  "val_recall": [
    0.5490332676432316
  ],
  "per_class_f1": [
    [
      0.4690157958687728,
      0.6274509803921569
    ]
  ]
}