{
  "train_loss": [
    0.1711477707414066
  ],
  "train_f1": [
    0.4534075850661002
  ],
  "train_precision": [
    0.5182475194209087
  ],
  "train_recall": [
    0.5078820507032336
  ],
  "val_loss": [
    0.1683155857026577
  ],
  "val_f1": [
    0.5384760647857553
  ],
  "val_precision": [
    0.5412957906308735
  ],
  "val_recall": [
    0.5389789164062075
  ],
  "per_class_f1": [
    [
      0.4214765100671141,
      0.6554756195043965
    ]
  ]
}